Date,GeoID,County,Area,Percentage_in_Poverty ,Poverty_Category_Code,Number_of_Cases,Population_Size,Percent,Percent,Percent_Category
20201117,35035000902,Otero,N/A,0.47,6,1734,"10,442",0.1661,17%,1
20201117,35045942802,San Juan,N/A,0.26,4,868,"6,142",0.1413,14%,1
20201117,35029000600,Luna,N/A,0.35,5,379,"2,736",0.1385,14%,1
20201117,35005001300,Chaves,N/A,0.18,3,371,"2,999",0.1237,12%,1
20201117,35001940600,Bernalillo,Southwest,0.15,3,1247,"10,290",0.1212,12%,1
20201117,35031943500,Mckinley,N/A,0.3,4,359,"3,469",0.1035,10%,1
20201117,35049980000,Santa Fe County,State Pen,N/A,N/A,97,959,0.1011,10%,1
20201117,35043010900,Sandoval,Other West,0.3,5,258,"2,575",0.1002,10%,1
20201117,35045000607,San Juan,N/A,0.16,3,362,"3,636",0.0996,10%,1
20201117,35031940300,Mckinley,SW,0.3,5,591,"6,470",0.0913,9%,2
20201117,35053978200,Socorro,N/A,0.18,3,147,"1,660",0.0886,9%,2
20201117,35013001701,Dona Ana,N/A,0.29,4,538,"6,137",0.0877,9%,2
20201117,35031943600,McKinley,NW,0.45,6,508,"5,879",0.0864,9%,2
20201117,35013001706,Dona Ana,Sunland Park,0.45,6,337,"3,933",0.0857,9%,2
20201117,35013001707,Dona Ana,Sunland Park,0.37,5,506,"6,092",0.0831,8%,2
20201117,35006974700,Cibola,N/A,0.19,3,531,"6,460",0.0822,8%,2
20201117,35001004736,Bernalillo,Chavez OneEighteenth,0.34,5,91,"1,160",0.0784,8%,2
20201117,35013001705,Dona Ana,Sunland Park,0.38,5,259,"3,348",0.0774,8%,2
20201117,35025000702,Lea,N/A,0.12,3,269,"3,490",0.0771,8%,2
20201117,35031946000,Mckinley,Other,0.5,6,437,"5,708",0.0766,8%,2
20201117,35043940700,Sandoval,N/A,0.24,4,313,"4,095",0.0764,8%,2
20201117,35049000400,Santa Fe,Agua Fria Neighborhood & Downtown,0.08,2,21,282,0.0745,7%,2
20201117,35013001400,Dona Ana,Hatch and Surrounding Area,0.41,6,431,"5,977",0.0721,7%,2
20201117,35013001806,Dona Ana,Anthony Berino Chaparral,0.47,6,444,"6,220",0.0714,7%,2
20201117,35039941000,Rio Arriba,N/A,0.29,4,249,"3,505",0.071,7%,2
20201117,35001000604,Bernalillo,N/A,0.26,4,309,"4,371",0.0707,7%,2
20201117,35043940200,Sandoval,Other East,0.35,5,283,"4,009",0.0706,7%,2
20201117,35031945600,Mckinley,Gallup,0.3,5,363,"5,248",0.0692,7%,2
20201117,35005000600,Chaves,Roswell S.E.,0.37,5,335,"4,930",0.068,7%,2
20201117,35013001805,Dona Ana,Anthony Berino Chaparral,0.43,6,278,"4,127",0.0674,7%,2
20201117,35045000402,San Juan,N/A,0.22,4,242,"3,611",0.067,7%,2
20201117,35031945200,Mckinley,Gallup,0.35,5,436,"6,533",0.0667,7%,2
20201117,35001003736,Bernalillo,N/A,0.23,4,134,"2,015",0.0665,7%,2
20201117,35035940000,Otero,Other,0.32,5,255,"3,867",0.0659,7%,2
20201117,35053940000,Socorro,N/A,0.67,6,93,"1,444",0.0644,6%,2
20201117,35031943902,Mckinley,SW,0.42,6,270,"4,232",0.0638,6%,2
20201117,35013000201,Dona Ana,N/A,0.26,4,377,"5,914",0.0637,6%,2
20201117,35005000700,Chaves,Roswell S.E.,0.18,3,278,"4,392",0.0633,6%,2
20201117,35009000201,Curry,Clovis West,0.2,4,266,"4,223",0.063,6%,2
20201117,35009000100,Curry,Clovis West,0.38,5,310,"5,105",0.0607,6%,2
20201117,35029000400,Luna,N/A,0.24,4,352,"5,804",0.0606,6%,2
20201117,35049001205,Santa Fe,Airport Road,0.17,3,342,"5,652",0.0605,6%,2
20201117,35045000504,San Juan,N/A,0.17,3,123,"2,037",0.0604,6%,2
20201117,35045000505,San Juan,N/A,0.16,3,438,"7,529",0.0582,6%,2
20201117,35001004735,Bernalillo,N/A,0.19,3,137,"2,363",0.058,6%,2
20201117,35031943800,Mckinley,NW,0.42,6,351,"6,153",0.057,6%,2
20201117,35005000500,Chaves,Roswell S.E.,0.3,5,115,"2,023",0.0568,6%,2
20201117,35005000900,Chaves,Roswell N.W.,0.13,3,154,"2,723",0.0566,6%,2
20201117,35031945300,Mckinley,Gallup,0.49,6,178,"3,164",0.0563,6%,2
20201117,35009000500,Curry,Clovis West,0.31,5,135,"2,407",0.0561,6%,2
20201117,35013001802,Dona Ana,Anthony Berino Chaparral,0.42,6,371,"6,743",0.055,6%,2
20201117,35029000100,Luna,N/A,0.32,5,287,"5,255",0.0546,5%,2
20201117,35029000300,Luna,N/A,0.28,4,127,"2,327",0.0546,5%,2
20201117,35025000100,Lea,N/A,0.21,4,168,"3,085",0.0545,5%,2
20201117,35031945700,Mckinley,SW,0.42,6,119,"2,188",0.0544,5%,2
20201117,35045000612,San Juan,North/Aztec,0.11,3,107,"1,974",0.0542,5%,2
20201117,35025000300,Lea,Hobbs So.,0.32,5,231,"4,316",0.0535,5%,2
20201117,35049001203,Santa Fe,Agua Fria Village,0.19,3,162,"3,031",0.0534,5%,2
20201117,35009000301,Curry,Clovis East,0.2,4,335,"6,379",0.0525,5%,2
20201117,35049001204,Santa Fe,Agua Fria Village,0.18,3,319,"6,110",0.0522,5%,2
20201117,35001003400,Bernalillo,Comanche Carlysle,0.41,6,243,"4,670",0.052,5%,2
20201117,35041000200,Roosevelt,"Roosevelt County/Curry County, Other",0.44,6,189,"3,647",0.0518,5%,2
20201117,35005000800,Chaves,Roswell N.W.,0.16,3,294,"5,686",0.0517,5%,2
20201117,35009000603,Roosevelt/Curry,N/A,0.22,4,217,"4,223",0.0514,5%,2
20201117,35009000202,Curry,Clovis West,0.27,4,224,"4,388",0.051,5%,2
20201117,35029000200,Luna,N/A,0.28,4,216,"4,240",0.0509,5%,2
20201117,35001004737,Bernalillo,Chavez OneEighteenth,0.15,3,318,"6,270",0.0507,5%,2
20201117,35025000704,Lea,N/A,0.05,2,141,"2,842",0.0496,5%,2
20201117,35025001003,Lea,N/A,0.11,3,230,"4,681",0.0491,5%,2
20201117,35015000600,Eddy,Carlsbad,0.12,3,287,"5,854",0.049,5%,2
20201117,35023970200,Hidalgo,"Hidalgo County/Grant County, Other",0.34,5,118,"2,406",0.049,5%,2
20201117,35041000100,Roosevelt,"Roosevelt County/Curry County, Other",0.3,5,227,"4,630",0.049,5%,2
20201117,35006974201,Cibola,N/A,0.38,5,254,"5,251",0.0484,5%,2
20201117,35005001001,Chaves,Roswell N.W.,0.08,2,225,"4,710",0.0478,5%,2
20201117,35025000600,Lea,Hobbs No.,0.15,3,332,"6,955",0.0477,5%,2
20201117,35045942900,San Juan,West,0.41,6,237,"4,971",0.0477,5%,2
20201117,35009000400,Curry,Clovis East,0.42,6,231,"4,874",0.0474,5%,2
20201117,35015000402,Eddy,Carlsbad,0.26,4,231,"4,876",0.0474,5%,2
20201117,35025000200,Lea,Hobbs So.,0.24,4,179,"3,812",0.047,5%,2
20201117,35005000202,Chaves,Roswell S.E.,0.21,4,180,"3,838",0.0469,5%,2
20201117,35013001801,Dona Ana,South Valley,0.27,4,328,"7,020",0.0467,5%,2
20201117,35049001106,Santa Fe,Bellamah/Stamm,0.24,4,125,"2,689",0.0465,5%,2
20201117,35025000400,Lea,Hobbs So.,0.29,4,175,"3,771",0.0464,5%,2
20201117,35005000300,Chaves,Roswell N.W.,0.24,4,297,"6,422",0.0462,5%,2
20201117,35045000503,San Juan,N/A,0.14,3,147,"3,197",0.046,5%,2
20201117,35025000503,Lea,Hobbs No.,0.08,2,187,"4,115",0.0454,5%,2
20201117,35006945800,Cibola,N/A,0.43,6,95,"2,097",0.0453,5%,2
20201117,35009000303,Curry,Clovis East,0.16,3,165,"3,656",0.0451,5%,2
20201117,35013000202,Dona Ana,Northwest Las Cruces,0.22,4,276,"6,198",0.0445,4%,3
20201117,35025000701,Lea,N/A,0.08,2,75,"1,688",0.0444,4%,3
20201117,35013000401,Dona Ana,Central Las Cruces,0.31,5,138,"3,126",0.0441,4%,3
20201117,35001004738,Bernalillo,N/A,0.18,3,249,"5,653",0.044,4%,3
20201117,35045943000,San Juan,N/A,0.29,4,210,"4,796",0.0438,4%,3
20201117,35013001804,Dona Ana,Anthony Berino Chaparral,0.37,5,316,"7,256",0.0436,4%,3
20201117,35001004734,Bernalillo,Arenal Unser,0.24,4,328,"7,566",0.0434,4%,3
20201117,35005001101,Chaves,N/A,0.34,5,263,"6,136",0.0429,4%,3
20201117,35006941500,Cibola,N/A,0.22,4,128,"2,991",0.0428,4%,3
20201117,35013000402,Dona Ana,Central Las Cruces,0.28,4,251,"5,871",0.0428,4%,3
20201117,35025000502,Lea,Hobbs No.,0.22,4,294,"6,865",0.0428,4%,3
20201117,35001004741,Bernalillo,So. Ninetyeight,0.24,4,317,"7,442",0.0426,4%,3
20201117,35005000400,Chaves,Roswell S.E.,0.24,4,201,"4,721",0.0426,4%,3
20201117,35005000201,Chaves,Roswell N.W.,0.22,4,160,"3,791",0.0422,4%,3
20201117,35015001000,Eddy,N/A,0.24,4,297,"7,039",0.0422,4%,3
20201117,35006946100,Cibola,N/A,0.27,4,171,"4,086",0.0419,4%,3
20201117,35013001600,Dona Ana,South Valley,0.17,3,125,"2,993",0.0418,4%,3
20201117,35015000100,Eddy,Carlsbad,0.27,4,78,"1,866",0.0418,4%,3
20201117,35025001004,Lea,N/A,0.1,3,165,"3,969",0.0416,4%,3
20201117,35031945500,Mckinley,N/A,0.15,3,236,"5,684",0.0415,4%,3
20201117,35049001202,Santa Fe,Agua Fria Village,0.09,2,224,"5,401",0.0415,4%,3
20201117,35029000500,Luna,N/A,0.35,5,177,"4,273",0.0414,4%,3
20201117,35001004712,Bernalillo,So. Ninetyeight,0.2,4,307,"7,425",0.0413,4%,3
20201117,35001004713,Bernalillo,Chavez OneEighteenth,0.12,3,294,"7,112",0.0413,4%,3
20201117,35015000500,Eddy,Carlsbad,0.23,4,146,"3,539",0.0413,4%,3
20201117,35043011200,Sandoval,N/A,0.19,3,123,"2,977",0.0413,4%,3
20201117,35013001702,Dona Ana,South Valley,0.21,4,72,"1,747",0.0412,4%,3
20201117,35061970700,Valencia,West and Belen,0.15,3,279,"6,768",0.0412,4%,3
20201117,35005001200,Chaves,N/A,0.26,4,66,"1,604",0.0411,4%,3
20201117,35013001500,Dona Ana,Hatch and Surrounding Area,0.06,2,253,"6,163",0.0411,4%,3
20201117,35001004733,Bernalillo,Arenal Unser,0.25,4,305,"7,475",0.0408,4%,3
20201117,35001001200,Bernalillo,Gibson University,0.3,5,301,"7,414",0.0406,4%,3
20201117,35001004739,Bernalillo,So. Ninetyeight,0.27,4,284,"6,995",0.0406,4%,3
20201117,35013001104,Dona Ana,Mesilla Picacho Mesilla Park,0.39,5,206,"5,084",0.0405,4%,3
20201117,35013001306,Dona Ana,Dona Ana Fort Selden,0.17,3,420,"10,372",0.0405,4%,3
20201117,35001004001,Bernalillo,Rio Bravo Second,0.27,4,204,"5,085",0.0401,4%,3
20201117,35015000200,Eddy,Carlsbad,0.09,2,191,"4,772",0.04,4%,3
20201117,35013001307,Dona Ana,Dona Ana Fort Selden,0.16,3,264,"6,610",0.0399,4%,3
20201117,35001000501,Bernalillo,Lomas San Mateo,0.32,5,104,"2,613",0.0398,4%,3
20201117,35001004603,Bernalillo,N/A,0.18,3,147,"3,694",0.0398,4%,3
20201117,35031945400,Mckinley,N/A,0.3,4,129,"3,245",0.0398,4%,3
20201117,35013000600,Dona Ana,Central Las Cruces,0.4,5,114,"2,880",0.0396,4%,3
20201117,35013001303,Dona Ana,Dona Ana Fort Selden,0.24,4,287,"7,347",0.0391,4%,3
20201117,35001000707,Bernalillo,Central Tabo,0.32,5,242,"6,326",0.0383,4%,3
20201117,35015000800,Eddy,N/A,0.16,3,92,"2,400",0.0383,4%,3
20201117,35049001302,Santa Fe,Airport Road,0.17,3,116,"3,038",0.0382,4%,3
20201117,35001000603,Bernalillo,Central Penn,0.47,6,203,"5,380",0.0377,4%,3
20201117,35013001304,Dona Ana,Sonoma Butterfield Moongate,0.3,5,304,"8,124",0.0374,4%,3
20201117,35001004300,Bernalillo,Arenal Tapia,0.34,5,191,"5,190",0.0368,4%,3
20201117,35001002900,Bernalillo,Candelaria Second,0.2,4,148,"4,038",0.0367,4%,3
20201117,35005001002,Chaves,Roswell N.W.,0.13,3,153,"4,186",0.0366,4%,3
20201117,35001003733,Bernalillo,Comanche Carlysle,0.47,6,136,"3,745",0.0363,4%,3
20201117,35027960600,Lincoln,N/A,0.12,3,218,"6,049",0.036,4%,3
20201117,35025000504,Lea,Hobbs No.,0.05,1,142,"3,956",0.0359,4%,3
20201117,35001000901,Bernalillo,Central Penn,0.52,6,279,"7,787",0.0358,4%,3
20201117,35061970301,Valencia,SE,0.36,5,265,"7,474",0.0355,4%,3
20201117,35015000300,Eddy,Carlsbad,0.08,2,216,"6,119",0.0353,4%,3
20201117,35001002402,Bernalillo,Central Coors,0.37,5,298,"8,479",0.0351,4%,3
20201117,35001004740,Bernalillo,So. Ninetyeight,0.18,3,264,"7,574",0.0349,3%,3
20201117,35013000800,Dona Ana,University District,0.3,4,123,"3,551",0.0346,3%,3
20201117,35013001201,Dona Ana,Sonoma Butterfield Moongate,0.18,3,519,"15,505",0.0335,3%,3
20201117,35025001005,Lea,N/A,0.25,4,130,"3,875",0.0335,3%,3
20201117,35025000703,Lea,N/A,0.08,2,86,"2,591",0.0332,3%,3
20201117,35015000401,Eddy,Carlsbad,0.1,2,125,"3,771",0.0331,3%,3
20201117,35009000602,Roosevelt County/Curry County,N/A,0.06,2,147,"4,477",0.0328,3%,3
20201117,35001002300,Bernalillo,Central Coors,0.25,4,297,"9,085",0.0327,3%,3
20201117,35049001304,Santa Fe,Airport Road,0.25,4,31,961,0.0323,3%,3
20201117,35013000700,Dona Ana,University District,0.35,5,205,"6,390",0.0321,3%,3
20201117,35027960400,Lincoln,N/A,0.18,3,212,"6,603",0.0321,3%,3
20201117,35001940700,Bernalillo,Southwest,0.27,4,81,"2,531",0.032,3%,3
20201117,35009000304,Curry,Clovis East,0.06,2,208,"6,499",0.032,3%,3
20201117,35001001300,Bernalillo,Rio Bravo Second,0.35,5,151,"4,742",0.0318,3%,3
20201117,35005001102,Chaves,N/A,0.17,3,123,"3,864",0.0318,3%,3
20201117,35001002401,Bernalillo,Central Coors,0.15,3,167,"5,341",0.0313,3%,3
20201117,35001004401,Bernalillo,Arenal Tapia,0.31,5,101,"3,236",0.0312,3%,3
20201117,35005001400,Chaves,N/A,0.16,3,87,"2,787",0.0312,3%,3
20201117,35061940300,Valencia,NE,0.26,4,26,834,0.0312,3%,3
20201117,35001004745,Bernalillo,Alameda Coors,0.07,2,207,"6,663",0.0311,3%,3
20201117,35001000708,Bernalillo,Central Tabo,0.25,4,193,"6,247",0.0309,3%,3
20201117,35049940600,Santa Fe,Pueblos Plus,0.13,3,106,"3,435",0.0309,3%,3
20201117,35001004715,Bernalillo,Chavez OneEighteenth,0.26,4,165,"5,409",0.0305,3%,3
20201117,35001004402,Bernalillo,Arenal Tapia,0.16,3,124,"4,109",0.0302,3%,3
20201117,35013001703,Dona Ana,South Valley,0.24,4,94,"3,117",0.0302,3%,3
20201117,35001004501,Bernalillo,Arenal Tapia,0.29,4,109,"3,619",0.0301,3%,3
20201117,35049001303,Santa Fe,Airport Road,0.13,3,225,"7,510",0.03,3%,3
20201117,35045000202,San Juan,N/A,0.06,2,145,"4,892",0.0296,3%,3
20201117,35015000700,Eddy,N/A,0.08,2,163,"5,573",0.0292,3%,3
20201117,35001004604,Bernalillo,Isleta Gun Club,0.21,4,165,"5,679",0.0291,3%,3
20201117,35061970405,Valencia,Los Lunas,0.11,3,88,"3,030",0.029,3%,3
20201117,35013001203,Dona Ana,Las Alturas Talavera,0.28,4,130,"4,516",0.0288,3%,3
20201117,35001004744,Bernalillo,No. Ninetyeight,0.06,2,151,"5,270",0.0287,3%,3
20201117,35041000300,Roosevelt/Curry,N/A,0.15,3,121,"4,217",0.0287,3%,3
20201117,35041000401,Roosevelt/Curry,N/A,0.2,3,93,"3,246",0.0287,3%,3
20201117,35013001305,Dona Ana,Sonoma Butterfield Moongate,0.25,4,151,"5,287",0.0286,3%,3
20201117,35013000104,Dona Ana,Northwest Las Cruces,0.16,3,141,"4,969",0.0284,3%,3
20201117,35013001205,Dona Ana,Las Alturas Talavera,0.13,3,128,"4,510",0.0284,3%,3
20201117,35001002100,Bernalillo,Lomas Broadway,0.39,5,52,"1,864",0.0279,3%,3
20201117,35001004502,Bernalillo,Arenal Tapia,0.33,5,101,"3,628",0.0278,3%,3
20201117,35001002700,Bernalillo,Lomas Broadway,0.23,4,101,"3,645",0.0277,3%,3
20201117,35013000900,Dona Ana,University District,0.5,6,200,"7,212",0.0277,3%,3
20201117,35041000402,Roosevelt/Curry,N/A,0.18,3,99,"3,615",0.0274,3%,3
20201117,35061970101,Valencia,NE,0.38,5,130,"4,755",0.0273,3%,3
20201117,35045000205,San Juan,Farmington Southeast,0.34,5,182,"6,723",0.0271,3%,3
20201117,35013000103,Dona Ana,Northwest Las Cruces,0.38,5,134,"5,050",0.0265,3%,3
20201117,35015001100,Eddy,N/A,0.21,4,187,"7,064",0.0265,3%,3
20201117,35001002000,Bernalillo,Lomas Broadway,0.38,5,60,"2,348",0.0256,3%,3
20201117,35001000714,Bernalillo,Central Tabo,0.08,2,122,"4,784",0.0255,3%,3
20201117,35001003712,Bernalillo,Paseo Ventura,0.17,3,129,"5,084",0.0254,3%,3
20201117,35013000300,Dona Ana,Central Las Cruces,0.2,4,96,"3,802",0.0252,3%,3
20201117,35001000124,Bernalillo,Indian School Pennsylvania,0.16,3,90,"3,647",0.0247,2%,3
20201117,35013000500,Dona Ana,Central Las Cruces,0.28,4,73,"2,973",0.0246,2%,3
20201117,35051962402,Sierra/Catron,N/A,0.23,4,61,"2,482",0.0246,2%,3
20201117,35049001107,Santa Fe,Bellamah/Stamm,0.07,2,130,"5,303",0.0245,2%,3
20201117,35025001100,Lea,N/A,0.14,3,119,"4,893",0.0243,2%,3
20201117,35001002500,Bernalillo,Lomas Broadway,0.36,5,58,"2,419",0.024,2%,3
20201117,35001004749,Bernalillo,No. Ninetyeight,0.3,5,106,"4,410",0.024,2%,3
20201117,35013000102,Dona Ana,Northwest Las Cruces,0.22,4,98,"4,082",0.024,2%,3
20201117,35043011000,Sandoval,N/A,0.2,3,52,"2,167",0.024,2%,3
20201117,35061970901,Valencia,West and Belen,0.2,4,110,"4,602",0.0239,2%,3
20201117,35049010314,Santa Fe,Bellamah/Stamm,0.1,3,40,"1,690",0.0237,2%,3
20201117,35013001103,Dona Ana,Mesilla Picacho Mesilla Park,0.18,3,99,"4,189",0.0236,2%,3
20201117,35043010722,Sandoval,Rio Rancho West,0.12,3,132,"5,639",0.0234,2%,3
20201117,35055952700,Taos,Downtown and High Road,0.22,4,144,"6,144",0.0234,2%,3
20201117,35045000401,San Juan,Farmington West/Kirtland/La Plata,0.2,3,122,"5,260",0.0232,2%,3
20201117,35001001400,Bernalillo,Lomas Broadway,0.35,5,74,"3,223",0.023,2%,3
20201117,35001004602,Bernalillo,Isleta Gun Club,0.18,3,102,"4,457",0.0229,2%,3
20201117,35045000100,San Juan,Farmington Southeast,0.31,5,117,"5,106",0.0229,2%,3
20201117,35045943201,San Juan,South,0.36,5,130,"5,685",0.0229,2%,3
20201117,35001000904,Bernalillo,Central Penn,0.27,4,100,"4,380",0.0228,2%,3
20201117,35001000903,Bernalillo,Central Penn,0.44,6,140,"6,165",0.0227,2%,3
20201117,35001004751,Bernalillo,Irving Unser,0.06,2,62,"2,734",0.0227,2%,3
20201117,35006974202,Cibola,N/A,0.21,4,67,"2,949",0.0227,2%,3
20201117,35061971300,Valencia,West and Belen,0.23,4,46,"2,026",0.0227,2%,3
20201117,35006974400,Cibola,N/A,0.22,4,74,"3,269",0.0226,2%,3
20201117,35001000208,Bernalillo,Comanche Carlysle,0.24,4,63,"2,796",0.0225,2%,3
20201117,35001001500,Bernalillo,Lomas Broadway,0.23,4,61,"2,708",0.0225,2%,3
20201117,35015000900,Eddy,N/A,0.12,3,119,"5,288",0.0225,2%,3
20201117,35043010716,Sandoval,"Rio Rancho Blvd, So.",0.14,3,141,"6,268",0.0225,2%,3
20201117,35001000601,Bernalillo,Indian School Pennsylvania,0.17,3,86,"3,857",0.0223,2%,3
20201117,35049001002,Santa Fe,Agua Fria Neighborhood + Downtown,0.23,4,81,"3,637",0.0223,2%,3
20201117,35001003731,Bernalillo,Paseo Ventura,0.04,1,80,"3,606",0.0222,2%,3
20201117,35009000900,Military Bases,N/A,0.07,2,56,"2,520",0.0222,2%,3
20201117,35049940900,Santa Fe,Pueblos Plus,0.33,5,72,"3,237",0.0222,2%,3
20201117,35055940100,Taos,Downtown and High Road,0.17,3,170,"7,707",0.0221,2%,3
20201117,35043940500,Sandoval,Bernalillo/Placitas,0.24,4,105,"4,766",0.022,2%,3
20201117,35001004743,Bernalillo,No. Ninetyeight,0.06,2,70,"3,200",0.0219,2%,3
20201117,35049010900,Santa Fe,Opera Vicinity,0.09,2,63,"2,886",0.0218,2%,3
20201117,35001000713,Bernalillo,Central Tabo,0.36,5,133,"6,162",0.0216,2%,3
20201117,35025000800,Lea,N/A,0.19,3,76,"3,525",0.0216,2%,3
20201117,35001003719,Bernalillo,Academy Tramway,0.15,3,111,"5,162",0.0215,2%,3
20201117,35049010601,Santa Fe,East Foothills + Eldorado,0.07,2,104,"4,839",0.0215,2%,3
20201117,35001003600,Bernalillo,Alameda Edith,0.11,3,132,"6,206",0.0213,2%,3
20201117,35031944000,McKinley,Other,0.41,6,45,"2,158",0.0209,2%,3
20201117,35061970404,Valencia,Los Lunas,0.17,3,101,"4,842",0.0209,2%,3
20201117,35001000203,Bernalillo,Montgomery Louisiana,0.27,4,41,"1,988",0.0206,2%,3
20201117,35045000302,San Juan,Farmington Southeast,0.19,3,69,"3,350",0.0206,2%,3
20201117,35001003202,Bernalillo,Candelaria Second,0.2,4,111,"5,478",0.0203,2%,3
20201117,35045000204,San Juan,Farmington North,0.12,3,45,"2,232",0.0202,2%,3
20201117,35043010717,Sandoval,"Rio Rancho Blvd, No.",0.1,2,201,"9,986",0.0201,2%,3
20201117,35061970302,Valencia,SE,0.17,3,56,"2,787",0.0201,2%,3
20201117,35043010718,Sandoval,"Rio Rancho Blvd, No.",0.08,2,109,"5,442",0.02,2%,3
20201117,35001000712,Bernalillo,Central Tabo,0.16,3,86,"4,329",0.0199,2%,3
20201117,35001000121,Bernalillo,Indian School Pennsylvania,0.16,3,113,"5,721",0.0198,2%,3
20201117,35049001001,Santa Fe,Agua Fria Neighborhood + Downtown,0.14,3,38,"1,924",0.0198,2%,3
20201117,35001000205,Bernalillo,Comanche Carlysle,0.22,4,65,"3,302",0.0197,2%,3
20201117,35001000207,Bernalillo,Indian School Pennsylvania,0.14,3,67,"3,407",0.0197,2%,3
20201117,35013001102,Dona Ana,Mesilla Picacho Mesilla Park,0.13,3,57,"2,890",0.0197,2%,3
20201117,35061970401,Valencia,Los Lunas,0.1,2,99,"5,088",0.0195,2%,3
20201117,35001000704,Bernalillo,Central Tabo,0.17,3,73,"3,769",0.0194,2%,3
20201117,35001003201,Bernalillo,Candelaria Second,0.19,3,57,"2,941",0.0194,2%,3
20201117,35001004750,Bernalillo,No. Ninetyeight,0.07,2,131,"6,736",0.0194,2%,3
20201117,35001004742,Bernalillo,No. Ninetyeight,0.13,3,124,"6,425",0.0193,2%,3
20201117,35049001103,Santa Fe,Bellamah/Stamm,0.19,3,38,"1,967",0.0193,2%,3
20201117,35043940900,Sandoval,Other West,0.68,6,56,"2,921",0.0192,2%,3
20201117,35045000708,San Juan,Northeast/Bloomfield,0.25,4,87,"4,530",0.0192,2%,3
20201117,35001004746,Bernalillo,Alameda Coors,0.14,3,144,"7,592",0.019,2%,3
20201117,35043010503,Sandoval,Bernalillo/Placitas,0.15,3,71,"3,785",0.0188,2%,3
20201117,35049010308,Santa Fe,South,0.26,4,46,"2,447",0.0188,2%,3
20201117,35001004727,Bernalillo,Montano Coors,0.09,2,36,"1,930",0.0187,2%,3
20201117,35031943700,Mckinley,NW,0.37,5,71,"3,799",0.0187,2%,3
20201117,35037958601,Quay/DeBaca/Harding,N/A,0.27,4,54,"2,903",0.0186,2%,3
20201117,35043010720,Sandoval,Rio Rancho So.,0.05,1,160,"8,616",0.0186,2%,3
20201117,35053978303,Socorro,N/A,0.31,5,66,"3,553",0.0186,2%,3
20201117,35001004729,Bernalillo,Montano Coors,0.18,3,68,"3,684",0.0185,2%,3
20201117,35045000707,San Juan,Northeast/Bloomfield,0.12,3,79,"4,261",0.0185,2%,3
20201117,35057963600,Torrance,N/A,0.29,4,122,"6,587",0.0185,2%,3
20201117,35001000206,Bernalillo,Montgomery Louisiana,0.08,2,55,"2,994",0.0184,2%,3
20201117,35001000127,Bernalillo,Indian School Juan Tabo,0.12,3,52,"2,839",0.0183,2%,3
20201117,35013001204,Dona Ana,Las Alturas Talavera,0.08,2,71,"3,870",0.0183,2%,3
20201117,35027960800,Lincoln,N/A,0.17,3,44,"2,408",0.0183,2%,3
20201117,35001004720,Bernalillo,Irving Unser,0.15,3,65,"3,575",0.0182,2%,3
20201117,35001003707,Bernalillo,Montgomery Louisiana,0.13,3,92,"5,087",0.0181,2%,3
20201117,35049010304,Santa Fe,Opera Vicinity,0.03,1,70,"3,864",0.0181,2%,3
20201117,35001003728,Bernalillo,Academy Tramway,0.13,3,82,"4,549",0.018,2%,3
20201117,35009000601,Bernalillo,Indian School Pennsylvania,0.14,3,23,"1,278",0.018,2%,3
20201117,35019961600,Mora/Guadalupe/San Miguel East,N/A,0.15,3,79,"4,381",0.018,2%,3
20201117,35061971000,Valencia,SE,0.19,3,82,"4,597",0.0178,2%,3
20201117,35061971100,Valencia,SE,0.3,4,28,"1,575",0.0178,2%,3
20201117,35001003735,Bernalillo,Alameda Edith,0.06,2,115,"6,494",0.0177,2%,3
20201117,35045000705,San Juan,Northeast/Bloomfield,0.27,4,67,"3,790",0.0177,2%,3
20201117,35001003714,Bernalillo,Montgomery Louisiana,0.22,4,126,"7,176",0.0176,2%,3
20201117,35001003722,Bernalillo,Paseo Louisiana,0.12,3,114,"6,485",0.0176,2%,3
20201117,35049940400,Santa Fe,Pueblos Plus,0.17,3,26,"1,475",0.0176,2%,3
20201117,35001000110,Bernalillo,Comanche Juan Tabo,0.23,4,63,"3,601",0.0175,2%,3
20201117,35057963202,Torrance,N/A,0.23,4,53,"3,047",0.0174,2%,3
20201117,35001004728,Bernalillo,Montano Coors,0.05,1,90,"5,201",0.0173,2%,3
20201117,35001000120,Bernalillo,Montgomery Moon,0.26,4,47,"2,737",0.0172,2%,3
20201117,35001003715,Bernalillo,Paseo Ventura,0.04,1,73,"4,244",0.0172,2%,3
20201117,35045943300,San Juan,Farmington West/Kirtland/La Plata,0.23,4,38,"2,204",0.0172,2%,3
20201117,35001003501,Bernalillo,Alameda Edith,0.13,3,97,"5,669",0.0171,2%,3
20201117,35025000900,Lea,N/A,0.16,3,41,"2,403",0.0171,2%,3
20201117,35037958900,Quay/DeBaca/Harding,N/A,0.11,3,47,"2,749",0.0171,2%,3
20201117,35051962300,Sierra/Catron,N/A,0.28,4,54,"3,167",0.0171,2%,3
20201117,35001003723,Bernalillo,Paseo Louisiana,0.11,3,97,"5,704",0.017,2%,3
20201117,35049001102,Santa Fe,Agua Fria Village,0.12,3,56,"3,289",0.017,2%,3
20201117,35037958602,Quay/DeBaca/Harding,N/A,0.27,4,46,"2,716",0.0169,2%,3
20201117,35049000900,Santa Fe,Agua Fria Neighborhood + Downtown,0.13,3,62,"3,673",0.0169,2%,3
20201117,35049010316,Santa Fe,Bellamah/Stamm,0.07,2,27,"1,617",0.0167,2%,3
20201117,35061970303,Valencia,SE,0.13,3,108,"6,452",0.0167,2%,3
20201117,35061971400,Valencia,Los Lunas,0.12,3,55,"3,286",0.0167,2%,3
20201117,35045000301,San Juan,Farmington North,0.15,3,85,"5,128",0.0166,2%,3
20201117,35061970800,Valencia,West and Belen,0.23,4,83,"4,991",0.0166,2%,3
20201117,35001004752,Bernalillo,Irving Unser,0.1,2,64,"3,868",0.0165,2%,3
20201117,35001002600,Bernalillo,Lomas Broadway,0.24,4,17,"1,039",0.0164,2%,3
20201117,35001000502,Bernalillo,Lomas San Mateo,0.26,4,76,"4,734",0.0161,2%,3
20201117,35039944100,Rio Arriba,Espanola and Pueblos,0.28,4,99,"6,162",0.0161,2%,3
20201117,35059950200,Colfax/Union,N/A,0.14,3,67,"4,163",0.0161,2%,3
20201117,35001000108,Bernalillo,Comanche Juan Tabo,0.07,2,43,"2,694",0.016,2%,3
20201117,35051962200,Sierra,N/A,0.35,5,51,"3,180",0.016,2%,3
20201117,35001001102,Bernalillo,Gibson University,0.27,4,51,"3,210",0.0159,2%,3
20201117,35001000204,Bernalillo,Comanche Carlysle,0.11,3,52,"3,314",0.0157,2%,3
20201117,35039000200,Rio Arriba,Espanola and Pueblos,0.37,5,57,"3,627",0.0157,2%,3
20201117,35001003732,Bernalillo,Paseo Ventura,0.03,1,115,"7,389",0.0156,2%,3
20201117,35045000608,San Juan,North/Aztec,0.16,3,95,"6,107",0.0156,2%,3
20201117,35001000123,Bernalillo,Indian School Pennsylvania,0.11,3,79,"5,104",0.0155,2%,3
20201117,35001004723,Bernalillo,Del Norte,0.03,1,115,"7,416",0.0155,2%,3
20201117,35035000303,Otero,Alamogordo N.E.,0.23,4,38,"2,471",0.0154,2%,3
20201117,35043940600,Sandoval,N/A,0.26,4,31,"2,039",0.0152,2%,3
20201117,35001000710,Bernalillo,East Gateway,0.07,2,91,"6,041",0.0151,2%,3
20201117,35017964700,Grant,Silver City,0.17,3,82,"5,481",0.015,2%,3
20201117,35001000114,Bernalillo,Comanche Juan Tabo,0.2,3,48,"3,239",0.0148,1%,3
20201117,35001002200,Bernalillo,Lomas Broadway,0.18,3,49,"3,304",0.0148,1%,3
20201117,35001003717,Bernalillo,Montgomery Moon,0.11,3,80,"5,415",0.0148,1%,3
20201117,35001004753,Bernalillo,Irving Unser,0.07,2,54,"3,654",0.0148,1%,3
20201117,35001004726,Bernalillo,Montano Coors,0.16,3,37,"2,526",0.0146,1%,3
20201117,35043010723,Sandoval,Rio Rancho West,0.15,3,162,"11,130",0.0146,1%,3
20201117,35001000129,Bernalillo,Indian School Juan Tabo,0.16,3,68,"4,744",0.0143,1%,3
20201117,35049010603,Santa Fe,East Foothills + Eldorado,0.12,3,35,"2,447",0.0143,1%,3
20201117,35001000118,Bernalillo,Montgomery Louisiana,0.12,3,41,"2,887",0.0142,1%,3
20201117,35001003718,Bernalillo,Montgomery Moon,0.1,2,35,"2,472",0.0142,1%,3
20201117,35001004717,Bernalillo,Alameda Coors,0.17,3,111,"7,831",0.0142,1%,3
20201117,35001004724,Bernalillo,Del Norte,0.04,1,46,"3,245",0.0142,1%,3
20201117,35001000122,Bernalillo,Indian School Pennsylvania,0.13,3,57,"4,046",0.0141,1%,3
20201117,35043010702,Sandoval,"Rio Rancho Blvd, No.",0.1,3,99,"7,027",0.0141,1%,3
20201117,35001000109,Bernalillo,Comanche Juan Tabo,0.08,2,36,"2,568",0.014,1%,3
20201117,35045000201,San Juan,Farmington North,0.08,2,60,"4,272",0.014,1%,3
20201117,35001004748,Bernalillo,Irving Unser,0.09,2,133,"9,539",0.0139,1%,3
20201117,35061970102,Valencia,NE,0.17,3,91,"6,537",0.0139,1%,3
20201117,35001000115,Bernalillo,Indian School Juan Tabo,0.23,4,46,"3,334",0.0138,1%,3
20201117,35001004747,Bernalillo,Irving Unser,0.04,1,71,"5,147",0.0138,1%,3
20201117,35039940700,Rio Arriba,Espanola and Pueblos,0.31,5,46,"3,343",0.0138,1%,3
20201117,35061970200,Valencia,NE,0.1,3,52,"3,789",0.0137,1%,3
20201117,35027960300,Lincoln,N/A,0.18,3,38,"2,801",0.0136,1%,3
20201117,35055940000,Taos,Downtown and High Road,0.25,4,26,"1,913",0.0136,1%,3
20201117,35035000306,Otero,Alamogordo N.E.,0.09,2,45,"3,329",0.0135,1%,3
20201117,35001000128,Bernalillo,Indian School Juan Tabo,0.26,4,44,"3,278",0.0134,1%,3
20201117,35031943901,Mckinley,SW,0.36,5,65,"4,849",0.0134,1%,3
20201117,35049010310,Santa Fe,South,0.1,2,18,"1,345",0.0134,1%,3
20201117,35001000117,Bernalillo,Montgomery Moon,0.16,3,31,"2,334",0.0133,1%,3
20201117,35011960100,Quay/DeBaca/Harding,N/A,0.17,3,24,"1,805",0.0133,1%,3
20201117,35001001600,Bernalillo,Gibson University,0.31,5,34,"2,571",0.0132,1%,3
20201117,35001003729,Bernalillo,Academy Tramway,0.05,1,24,"1,819",0.0132,1%,3
20201117,35043010712,Sandoval,Rio Rancho So.,0.14,3,75,"5,670",0.0132,1%,3
20201117,35001004722,Bernalillo,Del Norte,0.16,3,68,"5,183",0.0131,1%,3
20201117,35023970000,Hidalgo County/Grant County,N/A,0.21,4,25,"1,909",0.0131,1%,3
20201117,35047957800,San Miguel,Las Vegas,0.35,5,56,"4,281",0.0131,1%,3
20201117,35043010721,Sandoval,Rio Rancho West,0.14,3,63,"4,845",0.013,1%,3
20201117,35001003001,Bernalillo,Candelaria Second,0.19,3,64,"4,951",0.0129,1%,3
20201117,35043010705,Sandoval,Rio Rancho So.,0.1,2,83,"6,449",0.0129,1%,3
20201117,35001000401,Bernalillo,Lomas San Mateo,0.13,3,56,"4,430",0.0126,1%,3
20201117,35045000613,San Juan,North/Aztec,0.11,3,51,"4,074",0.0125,1%,3
20201117,35001001900,Bernalillo,Lomas Girard,0.12,3,13,"1,052",0.0124,1%,3
20201117,35043010713,Sandoval,Rio Rancho West,0.18,3,74,"5,968",0.0124,1%,3
20201117,35017964500,Hidalgo/Grant,N/A,0.23,4,35,"2,845",0.0123,1%,3
20201117,35045000900,San Juan,South,0.09,2,24,"1,973",0.0122,1%,3
20201117,35047957700,San Miguel,N/A,0.33,5,28,"2,290",0.0122,1%,3
20201117,35001001800,Bernalillo,Lomas Girard,0.46,6,35,"2,897",0.0121,1%,3
20201117,35043010703,Sandoval,"Rio Rancho Blvd, No.",0.06,2,111,"9,312",0.0119,1%,3
20201117,35043010715,Sandoval,"Rio Rancho Blvd, So.",0.13,3,46,"3,867",0.0119,1%,3
20201117,35001003725,Bernalillo,Paseo Louisiana,0.11,3,55,"4,719",0.0117,1%,3
20201117,35001000711,Bernalillo,East Gateway,0.17,3,52,"4,491",0.0116,1%,3
20201117,35001000112,Bernalillo,East Gateway,0.1,3,24,"2,095",0.0115,1%,3
20201117,35001000300,Bernalillo,Lomas Girard,0.18,3,69,"6,006",0.0115,1%,3
20201117,35021000100,Quay/DeBaca/Harding,N/A,0.18,3,8,698,0.0115,1%,3
20201117,35043010714,Sandoval,"Rio Rancho Blvd, So.",0.16,3,59,"5,133",0.0115,1%,3
20201117,35001004725,Bernalillo,Del Norte,0.08,2,43,"3,776",0.0114,1%,3
20201117,35031973100,McKinley,N/A,0.13,3,12,"1,049",0.0114,1%,3
20201117,35001000111,Bernalillo,Comanche Juan Tabo,0.05,1,32,"2,823",0.0113,1%,3
20201117,35001003100,Bernalillo,Montano Rio Grande,0.12,3,33,"2,913",0.0113,1%,3
20201117,35001003502,Bernalillo,Montano Rio Grande,0.09,2,59,"5,244",0.0113,1%,3
20201117,35031940500,Mckinley,SW,0.54,6,16,"1,414",0.0113,1%,3
20201117,35035000100,Otero,Alamogordo S.W.,0.44,6,19,"1,682",0.0113,1%,3
20201117,35001001101,Bernalillo,Lomas San Mateo,0.13,3,58,"5,186",0.0112,1%,3
20201117,35035000700,Otero,N/A,0.11,3,69,"6,182",0.0112,1%,3
20201117,35001000126,Bernalillo,Indian School Juan Tabo,0.13,3,32,"2,900",0.011,1%,3
20201117,35001000402,Bernalillo,Lomas San Mateo,0.12,3,38,"3,450",0.011,1%,3
20201117,35001003730,Bernalillo,Paseo Ventura,0.02,1,54,"4,925",0.011,1%,3
20201117,35045000609,San Juan,North/Aztec,0.16,3,14,"1,274",0.011,1%,3
20201117,35049010102,Santa Fe,Pueblos Plus,0.21,4,55,"5,014",0.011,1%,3
20201117,35061970902,Valencia,West and Belen,0.17,3,29,"2,633",0.011,1%,3
20201117,35001000116,Bernalillo,Indian School Juan Tabo,0.05,2,32,"2,938",0.0109,1%,3
20201117,35049000600,Santa Fe,Agua Fria Neighborhood + Downtown,0.07,2,23,"2,110",0.0109,1%,3
20201117,35049001301,Santa Fe,Airport Road,0.06,2,19,"1,746",0.0109,1%,3
20201117,35001003002,Bernalillo,Montano Rio Grande,0.18,3,45,"4,161",0.0108,1%,3
20201117,35017964800,Hidalgo/Grant,N/A,0.11,3,18,"1,677",0.0107,1%,3
20201117,35043010719,Sandoval,Rio Rancho So.,0.14,3,45,"4,216",0.0107,1%,3
20201117,35049001105,Santa Fe,Bellamah/Stamm,0.11,3,27,"2,528",0.0107,1%,3
20201117,35049010800,Santa Fe,East Foothills + Eldorado,0.09,2,31,"2,885",0.0107,1%,3
20201117,35001003724,Bernalillo,Paseo Louisiana,0.08,2,35,"3,330",0.0105,1%,3
20201117,35001004716,Bernalillo,Alameda Coors,0.16,3,22,"2,090",0.0105,1%,3
20201117,35017964300,Grant,Silver City,0.26,4,68,"6,454",0.0105,1%,3
20201117,35045000706,San Juan,Northeast/Bloomfield,0.34,5,33,"3,153",0.0105,1%,3
20201117,35035000304,Otero,Alamogordo N.E.,0.08,2,36,"3,466",0.0104,1%,3
20201117,35053978302,Socorro,N/A,0.32,5,36,"3,459",0.0104,1%,3
20201117,35039940800,Rio Arriba,Espanola and Pueblos,0.2,3,45,"4,360",0.0103,1%,3
20201117,35057963201,Torrance,N/A,0.23,4,41,"3,970",0.0103,1%,3
20201117,35001000801,Military Bases,N/A,0.04,1,42,"4,125",0.0102,1%,3
20201117,35049000700,Santa Fe,Agua Fria Neighborhood + Downtown,0.15,3,22,"2,163",0.0102,1%,3
20201117,35001000125,Bernalillo,East Gateway,0.04,1,43,"4,255",0.0101,1%,3
20201117,35049010315,Santa Fe,Bellamah/Stamm,0.08,2,27,"2,668",0.0101,1%,3
20201117,35035000305,Otero,Alamogordo N.E.,0.16,3,39,"3,895",0.01,1%,3
20201117,35047957600,San Miguel,Pecos/Villanueva,0.19,3,62,"6,219",0.01,1%,3
20201117,35017964400,Grant,Silver City,0.36,5,40,"4,046",0.0099,1%,3
20201117,35035000500,Otero,Alamogordo S.W.,0.23,4,51,"5,265",0.0097,1%,3
20201117,35045000610,San Juan,North/Aztec,0.22,4,42,"4,412",0.0095,1%,3
20201117,35049010204,Santa Fe,Pueblos Plus,0.04,1,21,"2,205",0.0095,1%,3
20201117,35053978100,Socorro,N/A,0.22,4,40,"4,194",0.0095,1%,3
20201117,35013001000,Dona Ana,University District,0.64,6,41,"4,369",0.0094,1%,3
20201117,35049000300,Santa Fe,Agua Fria Neighborhood + Downtown,0.16,3,14,"1,482",0.0094,1%,3
20201117,35001000119,Bernalillo,Montgomery Louisiana,0.08,2,17,"1,823",0.0093,1%,3
20201117,35001003737,Bernalillo,Academy Tramway,0.04,1,26,"2,809",0.0093,1%,3
20201117,35001003807,Bernalillo,East Mountain,0.1,3,42,"4,539",0.0093,1%,3
20201117,35035000401,Otero,Alamogordo N.E.,0.14,3,48,"5,135",0.0093,1%,3
20201117,35055952100,Taos,Northwest,0.12,3,59,"6,350",0.0093,1%,3
20201117,35043010601,Sandoval,Corrales,0.07,2,42,"4,625",0.0091,1%,3
20201117,35047957500,Mora/Guadalupe/San Miguel East,N/A,0.17,3,37,"4,145",0.0089,1%,3
20201117,35049010500,Santa Fe,East Foothills + Eldorado,0.06,2,16,"1,821",0.0088,1%,3
20201117,35051962401,Sierra/Catron,N/A,0.09,2,20,"2,290",0.0087,1%,3
20201117,35053978301,Socorro,N/A,0.28,4,24,"2,798",0.0086,1%,3
20201117,35035000200,Otero,Alamogordo S.W.,0.33,5,17,"2,004",0.0085,1%,3
20201117,35047957400,San Miguel,Las Vegas,0.33,5,37,"4,351",0.0085,1%,3
20201117,35001001700,Bernalillo,Lomas Girard,0.29,4,42,"5,011",0.0084,1%,3
20201117,35047957300,San Miguel,Las Vegas,0.41,6,26,"3,093",0.0084,1%,3
20201117,35001003738,Bernalillo,Academy Tramway,0.15,3,41,"4,920",0.0083,1%,3
20201117,35007950600,Colfax,N/A,0.3,5,26,"3,220",0.0081,1%,3
20201117,35017964600,Hidalgo/Grant,N/A,0.23,4,23,"2,874",0.008,1%,3
20201117,35039000500,Rio Arriba,North,0.26,4,28,"3,518",0.008,1%,3
20201117,35001000113,Bernalillo,Comanche Juan Tabo,0.2,4,25,"3,216",0.0078,1%,3
20201117,35049000800,Santa Fe,Agua Fria Neighborhood + Downtown,0.26,4,24,"3,085",0.0078,1%,3
20201117,35049010312,Santa Fe,South,0.15,3,37,"4,714",0.0078,1%,3
20201117,35007950700,Colfax/Union,N/A,0.23,4,39,"5,038",0.0077,1%,3
20201117,35027960200,Lincoln,N/A,0.23,4,13,"1,688",0.0077,1%,3
20201117,35049000200,Santa Fe,Opera Vicinity,0.1,2,28,"3,613",0.0077,1%,3
20201117,35049010400,Santa Fe,East Foothills + Eldorado,0.04,1,24,"3,126",0.0077,1%,3
20201117,35001003721,Bernalillo,Academy Tramway,0.02,1,48,"6,320",0.0076,1%,3
20201117,35043010602,Sandoval,Corrales,0.03,1,32,"4,274",0.0075,1%,3
20201117,35039000400,Rio Arriba,North,0.22,4,34,"4,615",0.0074,1%,3
20201117,35035000402,Otero,Alamogordo S.W,0.1,3,53,"7,325",0.0072,1%,3
20201117,35001003726,Bernalillo,Academy Tramway,0.04,1,17,"2,393",0.0071,1%,3
20201117,35001003806,Bernalillo,East Mountain,0.07,2,25,"3,533",0.0071,1%,3
20201117,35049000500,Santa Fe,Agua Fria Neighborhood + Downtown,0.09,2,16,"2,331",0.0069,1%,3
20201117,35039000300,Rio Arriba,Espanola and Pueblos,0.22,4,46,"6,771",0.0068,1%,3
20201117,35049000101,Santa Fe,Opera Vicinity,0.06,2,27,"3,956",0.0068,1%,3
20201117,35049010700,Santa Fe,East Foothills + Eldorado,0.07,2,37,"5,434",0.0068,1%,3
20201117,35001003805,Bernalillo,East Mountain,0.07,2,16,"2,433",0.0066,1%,3
20201117,35043011100,Sandoval,Bernalillo/Placitas,0.13,3,48,"7,350",0.0065,1%,3
20201117,35049010311,Santa Fe,South,0.04,1,28,"4,380",0.0064,1%,3
20201117,35057963700,Torrance,N/A,0.27,4,14,"2,207",0.0063,1%,3
20201117,35007950500,Colfax/Union,N/A,0.19,3,24,"3,889",0.0062,1%,3
20201117,35055952600,Taos,Downtown and High Road,0.17,3,48,"7,871",0.0061,1%,3
20201117,35035000901,Otero,N/A,0.15,3,19,"3,186",0.006,1%,3
20201117,35001003803,Bernalillo,East Mountain,0.04,1,19,"3,216",0.0059,1%,3
20201117,35035000603,Otero,N/A,0.17,3,16,"2,735",0.0059,1%,3
20201117,35045000611,San Juan,North/Aztec,0.04,1,20,"3,424",0.0058,1%,3
20201117,35045942803,San Juan,West,0.4,6,15,"2,625",0.0057,1%,3
20201117,35001000107,Bernalillo,East Gateway,0.04,1,15,"2,737",0.0055,1%,3
20201117,35047957200,San Miguel,Las Vegas,0.32,5,20,"3,651",0.0055,1%,3
20201117,35049940500,Santa Fe,Pueblos Plus,0.19,3,9,"1,671",0.0054,1%,3
20201117,35001940500,Bernalillo,Paseo Ventura,0.05,1,15,"2,852",0.0053,1%,3
20201117,35035000601,Military Bases,N/A,0.11,3,19,"3,678",0.0052,1%,3
20201117,35045000702,San Juan,South,0.11,3,6,"1,143",0.0052,1%,3
20201117,35028000100,Los Alamos,N/A,0.05,1,20,"3,994",0.005,1%,3
20201117,35001003804,Bernalillo,East Mountain,0.04,1,27,"5,512",0.0049,0%,4
20201117,35049940300,Santa Fe,Pueblos Plus,0.14,3,9,"1,843",0.0049,0%,4
20201117,35017964100,Hidalgo/Grant,N/A,0.15,3,11,"2,281",0.0048,0%,4
20201117,35039000100,Rio Arriba,Espanola and Pueblos,0.27,4,15,"3,216",0.0047,0%,4
20201117,35028000400,Los Alamos,N/A,0.11,3,16,"3,481",0.0046,0%,4
20201117,35028000200,Los Alamos,N/A,0.06,2,24,"5,323",0.0045,0%,4
20201117,35028000500,Los Alamos,N/A,0.02,1,26,"6,011",0.0043,0%,4
20201117,35017964200,Hidalgo/Grant,N/A,0.1,2,8,"1,969",0.0041,0%,4
20201117,35033955200,Mora/Guadalupe/San Miguel East,N/A,0.19,3,18,"4,505",0.004,0%,4
20201117,35045943100,San Juan,South,0.29,4,7,"1,816",0.0039,0%,4
20201117,35003976400,Sierra/Catron,N/A,0.23,4,13,"3,518",0.0037,0%,4
20201117,35045942801,San Juan,West,0.3,4,10,"2,717",0.0037,0%,4
20201117,35035000602,Otero,N/A,0.15,3,8,"2,223",0.0036,0%,4
20201117,35049010309,Santa Fe,South,0.1,2,6,"1,824",0.0033,0%,4
20201117,35013001900,Military Bases,N/A,0.02,1,5,"1,840",0.0027,0%,4
20201117,35055952300,Taos,Northwest,0.38,5,7,"2,922",0.0024,0%,4
20201117,35049010203,Santa Fe,Pueblos Plus,0.18,3,2,"1,317",0.0015,0%,4
20201117,35049010602,Santa Fe,East Foothills + Eldorado,0.07,2,4,"3,189",0.0013,0%,4
20201117,35043940300,Los Alamos County,N/A,N/A,N/A,N/A,N/A,,,4