Geometries_ID,County,Area,Percentage_in_Poverty ,Poverty_Category_Code,Number_of_Cases,Population_Size,Percent,Percent_Category 
35043940300,Los Alamos County,,N/A,N/A,N/A,N/A,N/A,N/A
35049980000,Santa Fe County,State Pen,N/A,N/A,N/A,959,N/A,N/A
35045942802,San Juan,,0.26,4,652,6142,0.1062,1
35035000902,Otero,N/A,0.47,6,1051,10442,0.1007,1
35045000607,San Juan,,0.16,3,300,3636,0.0825,2
35031940300,Mckinley,SW,0.3,5,528,6470,0.0816,2
35031943500,Mckinley,,0.3,4,268,3469,0.0773,2
35031943600,McKinley,NW,0.45,6,395,5879,0.0672,2
35006974700,Cibola,,0.19,3,383,6460,0.0593,2
35031945600,Mckinley,Gallup,0.3,5,300,5248,0.0572,2
35039941000,Rio Arriba,,0.29,4,197,3505,0.0562,2
35031945200,Mckinley,Gallup,0.35,5,358,6533,0.0548,2
35031946000,Mckinley,Other,0.5,6,312,5708,0.0547,2
35045000402,San Juan,,0.22,4,180,3611,0.0498,2
35031945700,Mckinley,SW,0.42,6,103,2188,0.0471,2
35045000504,San Juan,,0.17,3,95,2037,0.0466,2
35031943902,Mckinley,SW,0.42,6,197,4232,0.0466,2
35043010900,Sandoval,Other West,0.3,5,112,2575,0.0435,3
35043940700,Sandoval,,0.24,4,171,4095,0.0418,3
35001003736,Bernalillo,,0.23,4,83,2015,0.0412,3
35031945300,Mckinley,Gallup,0.49,6,128,3164,0.0405,3
35043011200,Sandoval,,0.19,3,119,2977,0.04,3
35045000505,San Juan,,0.16,3,289,7529,0.0384,3
35031943800,Mckinley,NW,0.42,6,225,6153,0.0366,3
35006945800,Cibola,N/A,0.43,6,76,2097,0.0362,3
35045943000,San Juan,,0.29,4,170,4796,0.0354,3
35031945500,Mckinley,,0.15,3,186,5684,0.0327,3
35045000503,San Juan,,0.14,3,102,3197,0.0319,3
35031945400,Mckinley,,0.3,4,102,3245,0.0314,3
35023970200,Hidalgo,"Hidalgo County/Grant County, Other",0.34,5,73,2406,0.0303,3
35013000201,Dona Ana,,0.26,4,179,5914,0.0303,3
35013001701,Dona Ana,,0.29,4,176,6137,0.0287,3
35045942900,San Juan,West,0.41,6,142,4971,0.0286,3
35013001705,Dona Ana,Sunland Park,0.38,5,90,3348,0.0269,3
35013001707,Dona Ana,Sunland Park,0.37,5,155,6092,0.0254,3
35001004736,Bernalillo,Chavez OneEighteenth,0.34,5,28,1160,0.0241,3
35029000600,Luna,N/A,0.35,5,66,2736,0.0241,3
35001000604,Bernalillo,,0.26,4,102,4371,0.0233,3
35045000202,San Juan,,0.06,2,112,4892,0.0229,3
35013001806,Dona Ana,Anthony Berino Chaparral,0.47,6,142,6220,0.0228,3
35043940200,Sandoval,Other East,0.35,5,91,4009,0.0227,3
35001003400,Bernalillo,Comanche Carlysle,0.41,6,106,4670,0.0227,3
35013001706,Dona Ana,Sunland Park,0.45,6,88,3933,0.0224,3
35025001003,Lea,,0.11,3,101,4681,0.0216,3
35013001805,Dona Ana,Anthony Berino Chaparral,0.43,6,85,4127,0.0206,3
35001004603,Bernalillo,,0.18,3,74,3694,0.02,3
35001004735,Bernalillo,,0.19,3,45,2363,0.019,3
35053940000,Socorro,N/A,0.67,6,27,1444,0.0187,3
35001004738,Bernalillo,,0.18,3,105,5653,0.0186,3
35045000205,San Juan,Farmington Southeast,0.34,5,123,6723,0.0183,3
35045943201,San Juan,South,0.36,5,102,5685,0.0179,3
35009000500,Curry,Clovis West,0.31,5,43,2407,0.0179,3
35025000704,Lea,,0.05,2,48,2842,0.0169,3
35025000100,Lea,,0.21,4,52,3085,0.0169,3
35025000701,Lea,,0.08,2,28,1688,0.0166,3
35009000202,Curry,Clovis West,0.27,4,71,4388,0.0162,3
35001004734,Bernalillo,Arenal Unser,0.24,4,121,7566,0.016,3
35041000200,Roosevelt,"Roosevelt County/Curry County, Other",0.44,6,58,3647,0.0159,3
35001004739,Bernalillo,So. Ninetyeight,0.27,4,111,6995,0.0159,3
35045000302,San Juan,Farmington Southeast,0.19,3,53,3350,0.0158,3
35061970301,Valencia,SE,0.36,5,117,7474,0.0157,3
35025000300,Lea,Hobbs So.,0.32,5,67,4316,0.0155,3
35025001004,Lea,,0.1,3,61,3969,0.0154,3
35045000100,San Juan,Farmington Southeast,0.31,5,77,5106,0.0151,3
35006974201,Cibola,N/A,0.38,5,79,5251,0.015,3
35001004402,Bernalillo,Arenal Tapia,0.16,3,60,4109,0.0146,3
35001004737,Bernalillo,Chavez OneEighteenth,0.15,3,91,6270,0.0145,3
35001003719,Bernalillo,Academy Tramway,0.15,3,74,5162,0.0143,3
35013001802,Dona Ana,Anthony Berino Chaparral,0.42,6,96,6743,0.0142,3
35001004713,Bernalillo,Chavez OneEighteenth,0.12,3,101,7112,0.0142,3
35049001204,Santa Fe,Agua Fria Village,0.18,3,86,6110,0.0141,3
35045000401,San Juan,Farmington West/Kirtland/La Plata,0.2,3,74,5260,0.0141,3
35001000124,Bernalillo,Indian School Pennsylvania,0.16,3,51,3647,0.014,3
35009000100,Curry,Clovis West,0.38,5,71,5105,0.0139,3
35025000703,Lea,,0.08,2,36,2591,0.0139,3
35013001400,Dona Ana,Hatch and Surrounding Area,0.41,6,83,5977,0.0139,3
35053978200,Socorro,,0.18,3,23,1660,0.0139,3
35013001801,Dona Ana,South Valley,0.27,4,97,7020,0.0138,3
35009000400,Curry,Clovis East,0.42,6,67,4874,0.0137,3
35035940000,Otero,Other,0.32,5,53,3867,0.0137,3
35009000201,Curry,Clovis West,0.2,4,57,4223,0.0135,3
35009000301,Curry,Clovis East,0.2,4,86,6379,0.0135,3
35045000204,San Juan,Farmington North,0.12,3,30,2232,0.0134,3
35001003731,Bernalillo,Paseo Ventura,0.04,1,48,3606,0.0133,3
35025000502,Lea,Hobbs No.,0.22,4,91,6865,0.0133,3
35005000900,Chaves,Roswell N.W.,0.13,3,36,2723,0.0132,3
35001004741,Bernalillo,So. Ninetyeight,0.24,4,97,7442,0.013,3
35031943700,Mckinley,NW,0.37,5,49,3799,0.0129,3
35045000708,San Juan,Northeast/Bloomfield,0.25,4,58,4530,0.0128,3
35025000400,Lea,Hobbs So.,0.29,4,48,3771,0.0127,3
35045000301,San Juan,Farmington North,0.15,3,65,5128,0.0127,3
35013000800,Dona Ana,University District,0.3,4,45,3551,0.0127,3
35001001300,Bernalillo,Rio Bravo Second,0.35,5,60,4742,0.0127,3
35001000603,Bernalillo,Central Penn,0.47,6,68,5380,0.0126,3
35025000200,Lea,Hobbs So.,0.24,4,48,3812,0.0126,3
35005000800,Chaves,Roswell N.W.,0.16,3,71,5686,0.0125,3
35013001804,Dona Ana,Anthony Berino Chaparral,0.37,5,90,7256,0.0124,3
35031943901,Mckinley,SW,0.36,5,60,4849,0.0124,3
35001000708,Bernalillo,Central Tabo,0.25,4,76,6247,0.0122,3
35061971100,Valencia,SE,0.3,4,19,1575,0.0121,3
35029000300,Luna,,0.28,4,28,2327,0.012,3
35049001205,Santa Fe,Airport Road,0.17,3,68,5652,0.012,3
35006946100,Cibola,,0.27,4,49,4086,0.012,3
35001000501,Bernalillo,Lomas San Mateo,0.32,5,31,2613,0.0119,3
35025000702,Lea,,0.12,3,41,3490,0.0117,3
35001940600,Bernalillo,Southwest,0.15,3,120,10290,0.0117,3
35027960400,Lincoln,,0.18,3,77,6603,0.0117,3
35025001100,Lea,,0.14,3,57,4893,0.0116,3
35009000603,Roosevelt/Curry,,0.22,4,49,4223,0.0116,3
35057963600,Torrance,,0.29,4,76,6587,0.0115,3
35001004401,Bernalillo,Arenal Tapia,0.31,5,37,3236,0.0114,3
35029000200,Luna,,0.28,4,48,4240,0.0113,3
35045000707,San Juan,Northeast/Bloomfield,0.12,3,48,4261,0.0113,3
35001000707,Bernalillo,Central Tabo,0.32,5,71,6326,0.0112,3
35009000303,Curry,Clovis East,0.16,3,41,3656,0.0112,3
35001000901,Bernalillo,Central Penn,0.52,6,87,7787,0.0112,3
35001001200,Bernalillo,Gibson University,0.3,5,82,7414,0.0111,3
35041000100,Roosevelt,"Roosevelt County/Curry County, Other",0.3,5,51,4630,0.011,3
35001004712,Bernalillo,So. Ninetyeight,0.2,4,81,7425,0.0109,3
35045943300,San Juan,Farmington West/Kirtland/La Plata,0.23,4,24,2204,0.0109,3
35001002402,Bernalillo,Central Coors,0.37,5,91,8479,0.0107,3
35001002100,Bernalillo,Lomas Broadway,0.39,5,20,1864,0.0107,3
35001004740,Bernalillo,So. Ninetyeight,0.18,3,81,7574,0.0107,3
35049000400,Santa Fe,Agua Fria Neighborhood & Downtown,0.08,2,3,282,0.0106,3
35001004743,Bernalillo,No. Ninetyeight,0.06,2,34,3200,0.0106,3
35031940500,Mckinley,SW,0.54,6,15,1414,0.0106,3
35049001203,Santa Fe,Agua Fria Village,0.19,3,32,3031,0.0106,3
35045000705,San Juan,Northeast/Bloomfield,0.27,4,40,3790,0.0106,3
35005000400,Chaves,Roswell S.E.,0.24,4,49,4721,0.0104,3
35013000202,Dona Ana,Northwest Las Cruces,0.22,4,64,6198,0.0103,3
35061970101,Valencia,NE,0.38,5,49,4755,0.0103,3
35015000402,Eddy,Carlsbad,0.26,4,50,4876,0.0103,3
35031944000,McKinley,Other,0.41,6,22,2158,0.0102,3
35025000504,Lea,Hobbs No.,0.05,1,40,3956,0.0101,3
35025001005,Lea,,0.25,4,39,3875,0.0101,3
35001004733,Bernalillo,Arenal Unser,0.25,4,75,7475,0.01,3
35025000900,Lea,,0.16,3,24,2403,0.01,3
35005000500,Chaves,Roswell S.E.,0.3,5,20,2023,0.0099,3
35006974202,Cibola,,0.21,4,29,2949,0.0098,3
35045000608,San Juan,North/Aztec,0.16,3,60,6107,0.0098,3
35006941500,Cibola,,0.22,4,29,2991,0.0097,3
35001002300,Bernalillo,Central Coors,0.25,4,88,9085,0.0097,3
35049001106,Santa Fe,Bellamah/Stamm,0.24,4,26,2689,0.0097,3
35013001104,Dona Ana,Mesilla Picacho Mesilla Park,0.39,5,49,5084,0.0096,3
35001004715,Bernalillo,Chavez OneEighteenth,0.26,4,52,5409,0.0096,3
35001003733,Bernalillo,Comanche Carlysle,0.47,6,36,3745,0.0096,3
35005001102,Chaves,,0.17,3,37,3864,0.0096,3
35061970405,Valencia,Los Lunas,0.11,3,29,3030,0.0096,3
35001004751,Bernalillo,Irving Unser,0.06,2,26,2734,0.0095,3
35025000600,Lea,Hobbs No.,0.15,3,66,6955,0.0095,3
35013001201,Dona Ana,Sonoma Butterfield Moongate,0.18,3,147,15505,0.0095,3
35025000503,Lea,Hobbs No.,0.08,2,39,4115,0.0095,3
35005001101,Chaves,,0.34,5,58,6136,0.0095,3
35001003712,Bernalillo,Paseo Ventura,0.17,3,48,5084,0.0094,3
35013001304,Dona Ana,Sonoma Butterfield Moongate,0.3,5,76,8124,0.0094,3
35015000700,Eddy,,0.08,2,52,5573,0.0093,3
35001000121,Bernalillo,Indian School Pennsylvania,0.16,3,53,5721,0.0093,3
35001004001,Bernalillo,Rio Bravo Second,0.27,4,47,5085,0.0092,3
35045000613,San Juan,North/Aztec,0.11,3,37,4074,0.0091,3
35001004602,Bernalillo,Isleta Gun Club,0.18,3,40,4457,0.009,3
35001000713,Bernalillo,Central Tabo,0.36,5,55,6162,0.0089,3
35005001001,Chaves,Roswell N.W.,0.08,2,42,4710,0.0089,3
35023970000,Hidalgo County/Grant County,,0.21,4,17,1909,0.0089,3
35001004300,Bernalillo,Arenal Tapia,0.34,5,46,5190,0.0089,3
35001004501,Bernalillo,Arenal Tapia,0.29,4,32,3619,0.0088,3
35001003600,Bernalillo,Alameda Edith,0.11,3,54,6206,0.0087,3
35013001600,Dona Ana,South Valley,0.17,3,26,2993,0.0087,3
35013001306,Dona Ana,Dona Ana Fort Selden,0.17,3,89,10372,0.0086,3
35013001303,Dona Ana,Dona Ana Fort Selden,0.24,4,63,7347,0.0086,3
35029000100,Luna,N/A,0.32,5,45,5255,0.0086,3
35049001302,Santa Fe,Airport Road,0.17,3,26,3038,0.0086,3
35001004744,Bernalillo,No. Ninetyeight,0.06,2,45,5270,0.0085,3
35009000602,Roosevelt County/Curry County,,0.06,2,38,4477,0.0085,3
35027960600,Lincoln,,0.12,3,51,6049,0.0084,3
35029000500,Luna,N/A,0.35,5,36,4273,0.0084,3
35037958900,Quay/DeBaca/Harding,,0.11,3,23,2749,0.0084,3
35013001703,Dona Ana,South Valley,0.24,4,26,3117,0.0083,3
35049010314,Santa Fe,Bellamah/Stamm,0.1,3,14,1690,0.0083,3
35001004604,Bernalillo,Isleta Gun Club,0.21,4,47,5679,0.0083,3
35001004502,Bernalillo,Arenal Tapia,0.33,5,30,3628,0.0083,3
35025000800,Lea,,0.19,3,29,3525,0.0082,3
35001004753,Bernalillo,Irving Unser,0.07,2,30,3654,0.0082,3
35001000714,Bernalillo,Central Tabo,0.08,2,39,4784,0.0082,3
35001000110,Bernalillo,Comanche Juan Tabo,0.23,4,29,3601,0.0081,3
35013001702,Dona Ana,South Valley,0.21,4,14,1747,0.008,3
35013001203,Dona Ana,Las Alturas Talavera,0.28,4,36,4516,0.008,3
35015000800,Eddy,,0.16,3,19,2400,0.0079,3
35043940900,Sandoval,Other West,0.68,6,23,2921,0.0079,3
35015000600,Eddy,Carlsbad,0.12,3,46,5854,0.0079,3
35001003715,Bernalillo,Paseo Ventura,0.04,1,33,4244,0.0078,3
35013000900,Dona Ana,University District,0.5,6,56,7212,0.0078,3
35001003501,Bernalillo,Alameda Edith,0.13,3,44,5669,0.0078,3
35001001400,Bernalillo,Lomas Broadway,0.35,5,25,3223,0.0078,3
35013000103,Dona Ana,Northwest Las Cruces,0.38,5,39,5050,0.0077,3
35001003728,Bernalillo,Academy Tramway,0.13,3,35,4549,0.0077,3
35009000304,Curry,Clovis East,0.06,2,50,6499,0.0077,3
35059950200,Colfax/Union,,0.14,3,32,4163,0.0077,3
35001002401,Bernalillo,Central Coors,0.15,3,41,5341,0.0077,3
35006974400,Cibola,,0.22,4,25,3269,0.0076,3
35031973100,McKinley,,0.13,3,8,1049,0.0076,3
35049001103,Santa Fe,Bellamah/Stamm,0.19,3,15,1967,0.0076,3
35001001900,Bernalillo,Lomas Girard,0.12,3,8,1052,0.0076,3
35041000300,Roosevelt/Curry,,0.15,3,32,4217,0.0076,3
35001000205,Bernalillo,Comanche Carlysle,0.22,4,25,3302,0.0076,3
35043940500,Sandoval,Bernalillo/Placitas,0.24,4,36,4766,0.0076,3
35019961600,Mora/Guadalupe/San Miguel East,,0.15,3,33,4381,0.0075,3
35013000700,Dona Ana,University District,0.35,5,48,6390,0.0075,3
35005001200,Chaves,,0.26,4,12,1604,0.0075,3
35001003707,Bernalillo,Montgomery Louisiana,0.13,3,38,5087,0.0075,3
35001002500,Bernalillo,Lomas Broadway,0.36,5,18,2419,0.0074,3
35001000108,Bernalillo,Comanche Juan Tabo,0.07,2,20,2694,0.0074,3
35001003717,Bernalillo,Montgomery Moon,0.11,3,40,5415,0.0074,3
35005000201,Chaves,Roswell N.W.,0.22,4,28,3791,0.0074,3
35001001500,Bernalillo,Lomas Broadway,0.23,4,20,2708,0.0074,3
35013000401,Dona Ana,Central Las Cruces,0.31,5,23,3126,0.0074,3
35001000207,Bernalillo,Indian School Pennsylvania,0.14,3,25,3407,0.0073,3
35001004749,Bernalillo,No. Ninetyeight,0.3,5,32,4410,0.0073,3
35043010717,Sandoval,"Rio Rancho Blvd, No.",0.1,2,72,9986,0.0072,3
35061940300,Valencia,NE,0.26,4,6,834,0.0072,3
35049001002,Santa Fe,Agua Fria Neighborhood + Downtown,0.23,4,26,3637,0.0071,3
35001003201,Bernalillo,Candelaria Second,0.19,3,21,2941,0.0071,3
35043010503,Sandoval,Bernalillo/Placitas,0.15,3,27,3785,0.0071,3
35015001000,Eddy,,0.24,4,50,7039,0.0071,3
35045000612,San Juan,North/Aztec,0.11,3,14,1974,0.0071,3
35045000609,San Juan,North/Aztec,0.16,3,9,1274,0.0071,3
35005000700,Chaves,Roswell S.E.,0.18,3,31,4392,0.0071,3
35005000202,Chaves,Roswell S.E.,0.21,4,27,3838,0.007,3
35001000601,Bernalillo,Indian School Pennsylvania,0.17,3,27,3857,0.007,3
35001003722,Bernalillo,Paseo Louisiana,0.12,3,45,6485,0.0069,3
35001002900,Bernalillo,Candelaria Second,0.2,4,28,4038,0.0069,3
35043010722,Sandoval,Rio Rancho West,0.12,3,39,5639,0.0069,3
35061971300,Valencia,West and Belen,0.23,4,14,2026,0.0069,3
35001004745,Bernalillo,Alameda Coors,0.07,2,46,6663,0.0069,3
35001004750,Bernalillo,No. Ninetyeight,0.07,2,46,6736,0.0068,3
35013000402,Dona Ana,Central Las Cruces,0.28,4,40,5871,0.0068,3
35001940700,Bernalillo,Southwest,0.27,4,17,2531,0.0067,3
35001004742,Bernalillo,No. Ninetyeight,0.13,3,43,6425,0.0067,3
35001000903,Bernalillo,Central Penn,0.44,6,41,6165,0.0067,3
35001003735,Bernalillo,Alameda Edith,0.06,2,43,6494,0.0066,3
35045000900,San Juan,South,0.09,2,13,1973,0.0066,3
35001000120,Bernalillo,Montgomery Moon,0.26,4,18,2737,0.0066,3
35045000610,San Juan,North/Aztec,0.22,4,29,4412,0.0066,3
35001003714,Bernalillo,Montgomery Louisiana,0.22,4,47,7176,0.0065,3
35001000300,Bernalillo,Lomas Girard,0.18,3,39,6006,0.0065,3
35005001400,Chaves,,0.16,3,18,2787,0.0065,3
35001000117,Bernalillo,Montgomery Moon,0.16,3,15,2334,0.0064,3
35015001100,Eddy,,0.21,4,45,7064,0.0064,3
35013000102,Dona Ana,Northwest Las Cruces,0.22,4,26,4082,0.0064,3
35001000704,Bernalillo,Central Tabo,0.17,3,24,3769,0.0064,3
35013001307,Dona Ana,Dona Ana Fort Selden,0.16,3,42,6610,0.0064,3
35043010712,Sandoval,Rio Rancho So.,0.14,3,36,5670,0.0063,3
35001000204,Bernalillo,Comanche Carlysle,0.11,3,21,3314,0.0063,3
35005001300,Chaves,,0.18,3,19,2999,0.0063,3
35045000201,San Juan,Farmington North,0.08,2,27,4272,0.0063,3
35013000300,Dona Ana,Central Las Cruces,0.2,4,24,3802,0.0063,3
35001004727,Bernalillo,Montano Coors,0.09,2,12,1930,0.0062,3
35001004723,Bernalillo,Del Norte,0.03,1,46,7416,0.0062,3
35061970404,Valencia,Los Lunas,0.17,3,30,4842,0.0062,3
35049940900,Santa Fe,Pueblos Plus,0.33,5,20,3237,0.0062,3
35001003502,Bernalillo,Montano Rio Grande,0.09,2,32,5244,0.0061,3
35001003732,Bernalillo,Paseo Ventura,0.03,1,45,7389,0.0061,3
35061971400,Valencia,Los Lunas,0.12,3,20,3286,0.0061,3
35005000300,Chaves,Roswell N.W.,0.24,4,39,6422,0.0061,3
35001000111,Bernalillo,Comanche Juan Tabo,0.05,1,17,2823,0.006,3
35013001205,Dona Ana,Las Alturas Talavera,0.13,3,27,4510,0.006,3
35001004729,Bernalillo,Montano Coors,0.18,3,22,3684,0.006,3
35001004746,Bernalillo,Alameda Coors,0.14,3,45,7592,0.0059,3
35057963202,Torrance,,0.23,4,18,3047,0.0059,3
35013000600,Dona Ana,Central Las Cruces,0.4,5,17,2880,0.0059,3
35015000200,Eddy,Carlsbad,0.09,2,28,4772,0.0059,3
35049001107,Santa Fe,Bellamah/Stamm,0.07,2,31,5303,0.0058,3
35043010718,Sandoval,"Rio Rancho Blvd, No.",0.08,2,31,5442,0.0057,3
35001000206,Bernalillo,Montgomery Louisiana,0.08,2,17,2994,0.0057,3
35001000801,Military Bases,,0.04,1,23,4125,0.0056,3
35001004748,Bernalillo,Irving Unser,0.09,2,53,9539,0.0056,3
35001000118,Bernalillo,Montgomery Louisiana,0.12,3,16,2887,0.0055,3
35001002000,Bernalillo,Lomas Broadway,0.38,5,13,2348,0.0055,3
35001000203,Bernalillo,Montgomery Louisiana,0.27,4,11,1988,0.0055,3
35041000402,Roosevelt/Curry,,0.18,3,20,3615,0.0055,3
35013001500,Dona Ana,Hatch and Surrounding Area,0.06,2,34,6163,0.0055,3
35001000123,Bernalillo,Indian School Pennsylvania,0.11,3,28,5104,0.0055,3
35009000601,Bernalillo,Indian School Pennsylvania,0.14,3,7,1278,0.0055,3
35005000600,Chaves,Roswell S.E.,0.37,5,27,4930,0.0055,3
35043010719,Sandoval,Rio Rancho So.,0.14,3,23,4216,0.0055,3
35001001600,Bernalillo,Gibson University,0.31,5,14,2571,0.0054,3
35001003723,Bernalillo,Paseo Louisiana,0.11,3,31,5704,0.0054,3
35001004722,Bernalillo,Del Norte,0.16,3,28,5183,0.0054,3
35027960800,Lincoln,,0.17,3,13,2408,0.0054,3
35049000300,Santa Fe,Agua Fria Neighborhood + Downtown,0.16,3,8,1482,0.0054,3
35027960300,Lincoln,,0.18,3,15,2801,0.0054,3
35049010308,Santa Fe,South,0.26,4,13,2447,0.0053,3
35001003730,Bernalillo,Paseo Ventura,0.02,1,26,4925,0.0053,3
35039000200,Rio Arriba,Espanola and Pueblos,0.37,5,19,3627,0.0052,3
35001004717,Bernalillo,Alameda Coors,0.17,3,41,7831,0.0052,3
35001002700,Bernalillo,Lomas Broadway,0.23,4,19,3645,0.0052,3
35049001304,Santa Fe,Airport Road,0.25,4,5,961,0.0052,3
35049001202,Santa Fe,Agua Fria Village,0.09,2,28,5401,0.0052,3
35049001102,Santa Fe,Agua Fria Village,0.12,3,17,3289,0.0052,3
35037958602,Quay/DeBaca/Harding,,0.27,4,14,2716,0.0052,3
35001002200,Bernalillo,Lomas Broadway,0.18,3,17,3304,0.0051,3
35001000115,Bernalillo,Indian School Juan Tabo,0.23,4,17,3334,0.0051,3
35013000500,Dona Ana,Central Las Cruces,0.28,4,15,2973,0.005,3
35015000401,Eddy,Carlsbad,0.1,2,19,3771,0.005,3
35043010723,Sandoval,Rio Rancho West,0.15,3,56,11130,0.005,3
35005001002,Chaves,Roswell N.W.,0.13,3,21,4186,0.005,3
35029000400,Luna,,0.24,4,29,5804,0.005,4
35001000401,Bernalillo,Lomas San Mateo,0.13,3,22,4430,0.005,4
35043010716,Sandoval,"Rio Rancho Blvd, So.",0.14,3,31,6268,0.0049,4
35001000127,Bernalillo,Indian School Juan Tabo,0.12,3,14,2839,0.0049,4
35001004752,Bernalillo,Irving Unser,0.1,2,19,3868,0.0049,4
35013001204,Dona Ana,Las Alturas Talavera,0.08,2,19,3870,0.0049,4
35049010603,Santa Fe,East Foothills + Eldorado,0.12,3,12,2447,0.0049,4
35055952100,Taos,Northwest,0.12,3,31,6350,0.0049,4
35001000128,Bernalillo,Indian School Juan Tabo,0.26,4,16,3278,0.0049,4
35001000502,Bernalillo,Lomas San Mateo,0.26,4,23,4734,0.0049,4
35001003718,Bernalillo,Montgomery Moon,0.1,2,12,2472,0.0049,4
35001000712,Bernalillo,Central Tabo,0.16,3,21,4329,0.0049,4
35039000500,Rio Arriba,North,0.26,4,17,3518,0.0048,4
35015000100,Eddy,Carlsbad,0.27,4,9,1866,0.0048,4
35037958601,Quay/DeBaca/Harding,,0.27,4,14,2903,0.0048,4
35001000112,Bernalillo,East Gateway,0.1,3,10,2095,0.0048,4
35001004720,Bernalillo,Irving Unser,0.15,3,17,3575,0.0048,4
35061970102,Valencia,NE,0.17,3,31,6537,0.0047,4
35061970700,Valencia,West and Belen,0.15,3,32,6768,0.0047,4
35049940600,Santa Fe,Pueblos Plus,0.13,3,16,3435,0.0047,4
35043010715,Sandoval,"Rio Rancho Blvd, So.",0.13,3,18,3867,0.0047,4
35041000401,Roosevelt/Curry,,0.2,3,15,3246,0.0046,4
35045942803,San Juan,West,0.4,6,12,2625,0.0046,4
35001003202,Bernalillo,Candelaria Second,0.2,4,25,5478,0.0046,4
35055940100,Taos,Downtown and High Road,0.17,3,35,7707,0.0045,4
35043010721,Sandoval,Rio Rancho West,0.14,3,22,4845,0.0045,4
35043010713,Sandoval,Rio Rancho West,0.18,3,27,5968,0.0045,4
35001004725,Bernalillo,Del Norte,0.08,2,17,3776,0.0045,4
35049010310,Santa Fe,South,0.1,2,6,1345,0.0045,4
35001003725,Bernalillo,Paseo Louisiana,0.11,3,21,4719,0.0045,4
35001000129,Bernalillo,Indian School Juan Tabo,0.16,3,21,4744,0.0044,4
35043940600,Sandoval,,0.26,4,9,2039,0.0044,4
35043010703,Sandoval,"Rio Rancho Blvd, No.",0.06,2,41,9312,0.0044,4
35001003729,Bernalillo,Academy Tramway,0.05,1,8,1819,0.0044,4
35049010500,Santa Fe,East Foothills + Eldorado,0.06,2,8,1821,0.0044,4
35049010316,Santa Fe,Bellamah/Stamm,0.07,2,7,1617,0.0043,4
35061970401,Valencia,Los Lunas,0.1,2,22,5088,0.0043,4
35001004724,Bernalillo,Del Norte,0.04,1,14,3245,0.0043,4
35001004716,Bernalillo,Alameda Coors,0.16,3,9,2090,0.0043,4
35015000300,Eddy,Carlsbad,0.08,2,26,6119,0.0042,4
35013001305,Dona Ana,Sonoma Butterfield Moongate,0.25,4,22,5287,0.0042,4
35049010900,Santa Fe,Opera Vicinity,0.09,2,12,2886,0.0042,4
35001000126,Bernalillo,Indian School Juan Tabo,0.13,3,12,2900,0.0041,4
35061971000,Valencia,SE,0.19,3,19,4597,0.0041,4
35061970901,Valencia,West and Belen,0.2,4,19,4602,0.0041,4
35043010702,Sandoval,"Rio Rancho Blvd, No.",0.1,3,29,7027,0.0041,4
35001000402,Bernalillo,Lomas San Mateo,0.12,3,14,3450,0.0041,4
35001001101,Bernalillo,Lomas San Mateo,0.13,3,21,5186,0.004,4
35013000104,Dona Ana,Northwest Las Cruces,0.16,3,20,4969,0.004,4
35001001700,Bernalillo,Lomas Girard,0.29,4,20,5011,0.004,4
35001004726,Bernalillo,Montano Coors,0.16,3,10,2526,0.004,4
35017964400,Grant,Silver City,0.36,5,16,4046,0.004,4
35055952700,Taos,Downtown and High Road,0.22,4,24,6144,0.0039,4
35001003724,Bernalillo,Paseo Louisiana,0.08,2,13,3330,0.0039,4
35043010714,Sandoval,"Rio Rancho Blvd, So.",0.16,3,20,5133,0.0039,4
35043010601,Sandoval,Corrales,0.07,2,18,4625,0.0039,4
35001004747,Bernalillo,Irving Unser,0.04,1,20,5147,0.0039,4
35001000904,Bernalillo,Central Penn,0.27,4,17,4380,0.0039,4
35017964500,Hidalgo/Grant,,0.23,4,11,2845,0.0039,4
35049001303,Santa Fe,Airport Road,0.13,3,29,7510,0.0039,4
35035000305,Otero,Alamogordo N.E.,0.16,3,15,3895,0.0039,4
35001004728,Bernalillo,Montano Coors,0.05,1,20,5201,0.0038,4
35013001103,Dona Ana,Mesilla Picacho Mesilla Park,0.18,3,16,4189,0.0038,4
35045000611,San Juan,North/Aztec,0.04,1,13,3424,0.0038,4
35043010602,Sandoval,Corrales,0.03,1,16,4274,0.0037,4
35015000500,Eddy,Carlsbad,0.23,4,13,3539,0.0037,4
35013001000,Dona Ana,University District,0.64,6,16,4369,0.0037,4
35055940000,Taos,Downtown and High Road,0.25,4,7,1913,0.0037,4
35001000710,Bernalillo,East Gateway,0.07,2,22,6041,0.0036,4
35051962402,Sierra/Catron,,0.23,4,9,2482,0.0036,4
35049010312,Santa Fe,South,0.15,3,17,4714,0.0036,4
35009000900,Military Bases,,0.07,2,9,2520,0.0036,4
35001003807,Bernalillo,East Mountain,0.1,3,16,4539,0.0035,4
35049010601,Santa Fe,East Foothills + Eldorado,0.07,2,17,4839,0.0035,4
35001940500,Bernalillo,Paseo Ventura,0.05,1,10,2852,0.0035,4
35045000702,San Juan,South,0.11,3,4,1143,0.0035,4
35001000122,Bernalillo,Indian School Pennsylvania,0.13,3,14,4046,0.0035,4
35013001102,Dona Ana,Mesilla Picacho Mesilla Park,0.13,3,10,2890,0.0035,4
35061970200,Valencia,NE,0.1,3,13,3789,0.0034,4
35001001102,Bernalillo,Gibson University,0.27,4,11,3210,0.0034,4
35061970303,Valencia,SE,0.13,3,22,6452,0.0034,4
35001000116,Bernalillo,Indian School Juan Tabo,0.05,2,10,2938,0.0034,4
35001000114,Bernalillo,Comanche Juan Tabo,0.2,3,11,3239,0.0034,4
35049940400,Santa Fe,Pueblos Plus,0.17,3,5,1475,0.0034,4
35043010720,Sandoval,Rio Rancho So.,0.05,1,29,8616,0.0034,4
35001003726,Bernalillo,Academy Tramway,0.04,1,8,2393,0.0033,4
35035000306,Otero,Alamogordo N.E.,0.09,2,11,3329,0.0033,4
35045943100,San Juan,South,0.29,4,6,1816,0.0033,4
35035000603,Otero,,0.17,3,9,2735,0.0033,4
35047957800,San Miguel,Las Vegas,0.35,5,14,4281,0.0033,4
35049000700,Santa Fe,Agua Fria Neighborhood + Downtown,0.15,3,7,2163,0.0032,4
35001003001,Bernalillo,Candelaria Second,0.19,3,16,4951,0.0032,4
35035000500,Otero,Alamogordo S.W.,0.23,4,17,5265,0.0032,4
35001000208,Bernalillo,Comanche Carlysle,0.24,4,9,2796,0.0032,4
35001003737,Bernalillo,Academy Tramway,0.04,1,9,2809,0.0032,4
35049010400,Santa Fe,East Foothills + Eldorado,0.04,1,10,3126,0.0032,4
35057963700,Torrance,,0.27,4,7,2207,0.0032,4
35045000706,San Juan,Northeast/Bloomfield,0.34,5,10,3153,0.0032,4
35049001105,Santa Fe,Bellamah/Stamm,0.11,3,8,2528,0.0032,4
35051962300,Sierra/Catron,,0.28,4,10,3167,0.0032,4
35049001001,Santa Fe,Agua Fria Neighborhood + Downtown,0.14,3,6,1924,0.0031,4
35043010705,Sandoval,Rio Rancho So.,0.1,2,20,6449,0.0031,4
35017964300,Grant,Silver City,0.26,4,20,6454,0.0031,4
35001003100,Bernalillo,Montano Rio Grande,0.12,3,9,2913,0.0031,4
35039944100,Rio Arriba,Espanola and Pueblos,0.28,4,19,6162,0.0031,4
35001003721,Bernalillo,Academy Tramway,0.02,1,19,6320,0.003,4
35047957400,San Miguel,Las Vegas,0.33,5,13,4351,0.003,4
35001002600,Bernalillo,Lomas Broadway,0.24,4,3,1039,0.0029,4
35021000100,Quay/DeBaca/Harding,,0.18,3,2,698,0.0029,4
35001003738,Bernalillo,Academy Tramway,0.15,3,14,4920,0.0028,4
35061970800,Valencia,West and Belen,0.23,4,14,4991,0.0028,4
35001001800,Bernalillo,Lomas Girard,0.46,6,8,2897,0.0028,4
35061970902,Valencia,West and Belen,0.17,3,7,2633,0.0027,4
35051962401,Sierra/Catron,,0.09,2,6,2290,0.0026,4
35035000700,Otero,,0.11,3,16,6182,0.0026,4
35049010304,Santa Fe,Opera Vicinity,0.03,1,10,3864,0.0026,4
35045942801,San Juan,West,0.3,4,7,2717,0.0026,4
35001003806,Bernalillo,East Mountain,0.07,2,9,3533,0.0025,4
35053978303,Socorro,N/A,0.31,5,9,3553,0.0025,4
35051962200,Sierra,N/A,0.35,5,8,3180,0.0025,4
35049010311,Santa Fe,South,0.04,1,11,4380,0.0025,4
35028000100,Los Alamos,,0.05,1,10,3994,0.0025,4
35035000200,Otero,Alamogordo S.W.,0.33,5,5,2004,0.0025,4
35049000200,Santa Fe,Opera Vicinity,0.1,2,9,3613,0.0025,4
35035000303,Otero,Alamogordo N.E.,0.23,4,6,2471,0.0024,4
35017964800,Hidalgo/Grant,,0.11,3,4,1677,0.0024,4
35053978100,Socorro,,0.22,4,10,4194,0.0024,4
35049001301,Santa Fe,Airport Road,0.06,2,4,1746,0.0023,4
35047957300,San Miguel,Las Vegas,0.41,6,7,3093,0.0023,4
35049010315,Santa Fe,Bellamah/Stamm,0.08,2,6,2668,0.0022,4
35001000711,Bernalillo,East Gateway,0.17,3,10,4491,0.0022,4
35049010309,Santa Fe,South,0.1,2,4,1824,0.0022,4
35007950700,Colfax/Union,,0.23,4,11,5038,0.0022,4
35049000900,Santa Fe,Agua Fria Neighborhood + Downtown,0.13,3,8,3673,0.0022,4
35043011100,Sandoval,Bernalillo/Placitas,0.13,3,16,7350,0.0022,4
35001000113,Bernalillo,Comanche Juan Tabo,0.2,4,7,3216,0.0022,4
35053978301,Socorro,,0.28,4,6,2798,0.0021,4
35015000900,Eddy,,0.12,3,11,5288,0.0021,4
35039000300,Rio Arriba,Espanola and Pueblos,0.22,4,14,6771,0.0021,4
35035000402,Otero,Alamogordo S.W,0.1,3,15,7325,0.002,4
35049000101,Santa Fe,Opera Vicinity,0.06,2,8,3956,0.002,4
35001000109,Bernalillo,Comanche Juan Tabo,0.08,2,5,2568,0.0019,4
35001003002,Bernalillo,Montano Rio Grande,0.18,3,8,4161,0.0019,4
35049000600,Santa Fe,Agua Fria Neighborhood + Downtown,0.07,2,4,2110,0.0019,4
35001000125,Bernalillo,East Gateway,0.04,1,8,4255,0.0019,4
35001003803,Bernalillo,East Mountain,0.04,1,6,3216,0.0019,4
35043011000,Sandoval,,0.2,3,4,2167,0.0018,4
35001000107,Bernalillo,East Gateway,0.04,1,5,2737,0.0018,4
35017964700,Grant,Silver City,0.17,3,10,5481,0.0018,4
35049010204,Santa Fe,Pueblos Plus,0.04,1,4,2205,0.0018,4
35049940500,Santa Fe,Pueblos Plus,0.19,3,3,1671,0.0018,4
35039940700,Rio Arriba,Espanola and Pueblos,0.31,5,6,3343,0.0018,4
35061970302,Valencia,SE,0.17,3,5,2787,0.0018,4
35027960200,Lincoln,,0.23,4,3,1688,0.0018,4
35057963201,Torrance,,0.23,4,7,3970,0.0018,4
35049010700,Santa Fe,East Foothills + Eldorado,0.07,2,9,5434,0.0017,4
35055952600,Taos,Downtown and High Road,0.17,3,13,7871,0.0017,4
35001003804,Bernalillo,East Mountain,0.04,1,9,5512,0.0016,4
35049940300,Santa Fe,Pueblos Plus,0.14,3,3,1843,0.0016,4
35039940800,Rio Arriba,Espanola and Pueblos,0.2,3,7,4360,0.0016,4
35007950500,Colfax/Union,,0.19,3,6,3889,0.0015,4
35039000400,Rio Arriba,North,0.22,4,7,4615,0.0015,4
35049010800,Santa Fe,East Foothills + Eldorado,0.09,2,4,2885,0.0014,4
35047957700,San Miguel,N/A,0.33,5,3,2290,0.0013,4
35049000500,Santa Fe,Agua Fria Neighborhood + Downtown,0.09,2,3,2331,0.0013,4
35001003805,Bernalillo,East Mountain,0.07,2,3,2433,0.0012,4
35035000100,Otero,Alamogordo S.W.,0.44,6,2,1682,0.0012,4
35035000401,Otero,Alamogordo N.E.,0.14,3,6,5135,0.0012,4
35053978302,Socorro,N/A,0.32,5,4,3459,0.0012,4
35035000304,Otero,Alamogordo N.E.,0.08,2,4,3466,0.0012,4
35028000400,Los Alamos,,0.11,3,4,3481,0.0011,4
35033955200,Mora/Guadalupe/San Miguel East,,0.19,3,5,4505,0.0011,4
35047957200,San Miguel,Las Vegas,0.32,5,4,3651,0.0011,4
35013001900,Military Bases,,0.02,1,2,1840,0.0011,4
35017964600,Hidalgo/Grant,,0.23,4,3,2874,0.001,4
35017964200,Hidalgo/Grant,,0.1,2,2,1969,0.001,4
35047957500,Mora/Guadalupe/San Miguel East,,0.17,3,4,4145,0.001,4
35028000200,Los Alamos,,0.06,2,5,5323,0.0009,4
35017964100,Hidalgo/Grant,,0.15,3,2,2281,0.0009,4
35003976400,Sierra/Catron,,0.23,4,3,3518,0.0009,4
35035000601,Military Bases,,0.11,3,3,3678,0.0008,4
35049010102,Santa Fe,Pueblos Plus,0.21,4,4,5014,0.0008,4
35049010203,Santa Fe,Pueblos Plus,0.18,3,1,1317,0.0008,4
35028000500,Los Alamos,,0.02,1,4,6011,0.0007,4
35047957600,San Miguel,Pecos/Villanueva,0.19,3,4,6219,0.0006,4
35049010602,Santa Fe,East Foothills + Eldorado,0.07,2,2,3189,0.0006,4
35039000100,Rio Arriba,Espanola and Pueblos,0.27,4,2,3216,0.0006,4
35001000119,Bernalillo,Montgomery Louisiana,0.08,2,1,1823,0.0005,4
35055952300,Taos,Northwest,0.38,5,1,2922,0.0003,4
35049000800,Santa Fe,Agua Fria Neighborhood + Downtown,0.26,4,1,3085,0.0003,4
35035000901,Otero,,0.15,3,1,3186,0.0003,4
35007950600,Colfax,,0.3,5,1,3220,0.0003,4
35011960100,Quay/DeBaca/Harding,,0.17,3,0,1805,0,4
35035000602,Otero,,0.15,3,0,2223,0,4